instance,strategy,objective,z_eff,z_eq,transit_share,transit_ridership,private_flow,avg_access_min,avg_access_increase_min,coverage,max_zone_access_increase,retained_stops,avg_frequency,avg_wait_min,avg_ivh_min,runtime_sec,mip_gap,kkt_residual,fixed_point_iters,feasible,y_pattern,freq_pattern,n_stops,instance_id,origins,destinations,od_pairs,periods,total_demand
synthetic_12_stops_s400,All-stops baseline,6.756678941250646,6.756678941250646,1.5450184127435752e-16,0.4511710751731541,1786.1299190921175,2172.7430959133244,7.168697835808436,5.623380614311832e-17,0.9999999999999998,0.0,12,3.25,10.0,28.73247541296235,0.002264799550175667,,,17,True,111111111111,"4,3,4,2",12,I01,7,9,63,4,3958.8750639801588
synthetic_12_stops_s400,Greedy removal,6.501933689833352,6.449512567014259,0.1497746366259809,0.4752953064975177,1881.6347369198297,2077.238369050304,7.318472472434417,0.1497746366259808,0.9999999999999998,0.3562238934988775,9,3.25,10.0,27.24885290851463,0.05063579976558685,,,17,True,111111010101,"4,3,4,2",12,I01,7,9,63,4,3958.8750639801588
synthetic_12_stops_s400,Local search,5.513823654976387,5.513823654976387,1.5450184127435752e-16,0.5497060815879616,2176.217698916824,1782.6556971512844,7.168697835808436,5.623380614311832e-17,0.9999999999999998,0.0,11,6.0,5.0,27.998583577799813,26.92754830000922,,,17,True,111111111101,"6,6,6,6",12,I01,7,9,63,4,3958.8750639801588
synthetic_12_stops_s400,MILP approximation,5.216400453070251,5.216400453070251,1.5450184127435752e-16,0.5731956273070962,2269.2098757285275,1689.6636001622628,7.168697835808436,5.623380614311832e-17,0.9999999999999998,0.0,10,7.0,4.285714285714286,27.517532607478145,0.19823910016566515,0.009996122788400268,,17,True,111111011101,"7,7,7,7",12,I01,7,9,63,4,3958.8750639801588
synthetic_16_stops_s401,All-stops baseline,7.593370682293953,7.593370682293953,1.6482264300008306e-16,0.4425347916895804,3440.031338168215,4333.436118604948,7.010814474686987,2.6459531982540443e-18,1.0,0.0,16,3.0,11.0,32.93895538497175,0.0028101997449994087,,,17,True,1111111111111111,"4,3,4,2,2",16,I02,10,12,120,5,7773.470928769942
synthetic_16_stops_s401,Greedy removal,7.1089307969611655,7.095632725948535,0.03799448860751459,0.47616435036636545,3701.4497348895666,4072.0179381068488,7.048808963294502,0.03799448860751444,1.0,0.11432355779986586,12,3.0,11.0,30.843408284797214,0.10779339959844947,,,17,True,1111101010110111,"4,3,4,2,2",16,I02,10,12,120,5,7773.470928769942
synthetic_16_stops_s401,Local search,6.134093558080565,6.134093558080565,1.6482264300008306e-16,0.5422458112958682,4215.1320503557035,3558.336081497435,7.010814474686987,2.6459531982540443e-18,1.0,0.0,15,5.6,5.4,31.919670170027285,2.376066400203854,,,17,True,1111101111111111,"6,5,6,5,6",16,I02,10,12,120,5,7773.470928769942
synthetic_16_stops_s401,MILP approximation,5.557547637015065,5.544249566002435,0.03799448860751459,0.5835408820904407,4536.138082678809,3237.3302715707796,7.048808963294502,0.03799448860751444,1.0,0.11432355779986586,12,6.6,4.571428571428571,30.302803617025468,1.3887036996893585,0.009901581358604474,,17,True,1111101010110111,"7,6,7,6,7",16,I02,10,12,120,5,7773.470928769942
synthetic_20_stops_s402,All-stops baseline,9.327963537778219,9.327963537778219,1.3673497342288913e-16,0.3698874739037172,4840.663573504147,8246.18860196089,10.465641549248783,-3.798306714290889e-17,0.9999999999999999,0.0,20,2.8333333333333335,11.666666666666666,38.26501586440625,0.004381800070405006,,,18,True,11111111111111111111,"4,3,4,2,2,2",20,I03,13,15,195,6,13086.85455718943
synthetic_20_stops_s402,Greedy removal,8.682960491585588,8.614466463940623,0.1956972218427559,0.41278869457597506,5402.105608767875,7684.746773770868,10.66133877109154,0.1956972218427557,0.9999999999999999,0.3185803194465221,14,2.8333333333333335,11.666666666666666,35.02786688387473,0.28436970012262464,,,18,True,10110110101110110111,"4,3,4,2,2,2",20,I03,13,15,195,6,13086.85455718943
synthetic_20_stops_s402,Local search,7.9114897625896,7.9114897625896,1.3673497342288913e-16,0.4564983317977801,5974.127273837151,7112.7253835189495,10.465641549248783,-3.798306714290889e-17,0.9999999999999999,0.0,19,5.0,6.0,36.98410853025337,5.693846100009978,,,18,True,11111111101111111111,"5,5,5,5,5,5",20,I03,13,15,195,6,13086.85455718943
synthetic_20_stops_s402,MILP approximation,7.112090627086031,7.103998191760515,0.023121243787190857,0.5068639769879718,6633.255147120197,6453.5953419897705,10.488762793035972,0.023121243787190677,0.9999999999999999,0.0,15,6.0,5.0,34.70531630821484,6.167015400249511,0.10836058154566863,,17,True,10111110101110110111,"6,6,6,6,6,6",20,I03,13,15,195,6,13086.85455718943
synthetic_24_stops_s403,All-stops baseline,9.52776795398385,9.52776795398385,1.6335557329295338e-16,0.4027289933995987,4707.893303121196,6982.083688518926,9.381626692297768,-3.184271360373369e-17,0.9999999999999999,0.0,24,3.25,10.0,42.95854968758441,0.0032028001733124256,,,18,True,111111111111111111111111,"4,3,4,2",24,I04,13,18,234,4,11689.978571892627
synthetic_24_stops_s403,Greedy removal,8.530428470869651,8.530428470869651,1.6335557329295338e-16,0.45788538804690654,5352.6703746510775,6337.3067887544585,9.381626692297768,-3.184271360373369e-17,0.9999999999999999,0.0,17,3.25,10.0,38.875052908322,0.3024368998594582,,,18,True,111010111011011101010111,"4,3,4,2",24,I04,13,18,234,4,11689.978571892627
synthetic_24_stops_s403,Local search,8.819346286553492,8.819346286553492,1.6335557329295338e-16,0.44282663564229585,5176.633881721742,6513.343303256874,9.381626692297768,-3.184271360373369e-17,0.9999999999999999,0.0,23,4.0,7.5,41.90999019943211,89.18190569989383,,,18,True,111110111111111111111111,"4,4,4,4",24,I04,13,18,234,4,11689.978571892627
synthetic_24_stops_s403,MILP approximation,7.301969983469235,7.301969983469235,1.6335557329295338e-16,0.5288379029090806,6182.103753011786,5507.873627030867,9.381626692297768,-3.184271360373369e-17,0.9999999999999999,0.0,17,5.5,5.5,37.956114478862034,6.311089199967682,0.05694309995821267,,18,True,111010111011011101010111,"6,5,6,5",24,I04,13,18,234,4,11689.978571892627
synthetic_28_stops_s404,All-stops baseline,9.637648418849544,9.637648418849544,1.7273935664310005e-16,0.38464262656270604,5508.611834887449,8812.762424358414,7.643083323808431,1.0258043016256187e-17,0.9999999999999999,0.0,28,3.0,11.0,45.60537975499256,0.0041900998912751675,,,18,True,1111111111111111111111111111,"4,3,4,2,2",28,I05,16,17,272,5,14321.3764010355
synthetic_28_stops_s404,Greedy removal,8.758178232528996,8.630444108819624,0.3649546391696329,0.43897660404031413,6286.74917770966,8034.625321739195,8.008037962978062,0.3649546391696328,0.9999999999999999,0.0,20,3.0,11.0,41.07116847073628,0.5308513003401458,,,18,True,1011011010111101110111101101,"4,3,4,2,2",28,I05,16,17,272,5,14321.3764010355
synthetic_28_stops_s404,Local search,8.720966422362428,8.720966422362428,1.7273935664310005e-16,0.43442133210300776,6221.511413686421,8099.863173696989,7.643083323808431,1.0258043016256187e-17,0.9999999999999999,0.0,27,4.0,7.5,44.43303229425568,6.632867199834436,,,18,True,1111111111111111111111101111,"4,4,4,4,4",28,I05,16,17,272,5,14321.3764010355
synthetic_28_stops_s404,MILP approximation,8.403322333432657,8.403322333432657,1.7273935664310005e-16,0.4518479128797637,6471.084036373393,7850.2906175815515,7.643083323808431,1.0258043016256187e-17,0.9999999999999999,0.0,28,5.0,6.0,44.72707280975847,6.23380049970001,0.39224694083709727,,18,True,1111111111111111111111111111,"5,5,5,5,5",28,I05,16,17,272,5,14321.3764010355
synthetic_12_stops_s405,All-stops baseline,7.4255453389394805,7.4255453389394805,1.2382643851312305e-16,0.409498103327839,2869.3750676743875,4137.6746485905005,8.830304470158682,-4.332641521748476e-17,0.9999999999999999,0.0,12,2.8333333333333335,11.666666666666666,29.554114686306765,0.002929599955677986,,,17,True,111111111111,"4,3,4,2,2,2",12,I06,9,10,90,6,7007.053376697089
synthetic_12_stops_s405,Greedy removal,7.321275468960918,7.238235147615688,0.23725806098637267,0.42320057324051275,2965.3890057450785,4041.6607993550883,9.067562531145054,0.23725806098637253,0.9999999999999999,0.16077946957332157,10,2.8333333333333335,11.666666666666666,28.50881847305644,0.0666482001543045,,,17,True,111111010111,"4,3,4,2,2,2",12,I06,9,10,90,6,7007.053376697089
synthetic_12_stops_s405,Local search,5.977480302651245,5.960902898047643,0.04736401315314889,0.5229278292886557,3664.183211985954,3342.8672860402467,8.87766848331183,0.047364013153148726,0.9999999999999999,0.16077946957332157,11,6.0,5.0,28.686823631483563,2.2424936001189053,,,17,True,111111110111,"6,6,6,6,6,6",12,I06,9,10,90,6,7007.053376697089
synthetic_12_stops_s405,MILP approximation,5.77757941260483,5.6945390912596,0.23725806098637267,0.5429084786435318,3804.1886885166386,3202.8619188398216,9.067562531145054,0.23725806098637253,0.9999999999999999,0.16077946957332157,10,7.0,4.285714285714286,28.16901253617442,2.282821400091052,0.009386943853903436,,17,True,111111010111,"7,7,7,7,7,7",12,I06,9,10,90,6,7007.053376697089
synthetic_16_stops_s406,All-stops baseline,7.860148636953633,7.860148636953633,1.6896103848933097e-16,0.4511511099482732,2981.278260948401,3626.8778472563154,8.48929013532989,7.49974706429616e-17,1.0,0.0,16,3.25,10.0,33.323477583589565,0.002218499779701233,,,17,True,1111111111111111,"4,3,4,2",16,I07,9,13,117,4,6608.158985334692
synthetic_16_stops_s406,Greedy removal,7.350638765159455,7.331690606780076,0.054137595369653596,0.4848446797440522,3203.93072694238,3404.2255606582935,8.543427730699543,0.05413759536965352,1.0,0.10320900016414701,12,3.25,10.0,31.161001608789793,0.08681849995627999,,,17,True,1110110110111011,"4,3,4,2",16,I07,9,13,117,4,6608.158985334692
synthetic_16_stops_s406,Local search,6.62095218251204,6.62095218251204,1.6896103848933097e-16,0.5330648021816697,3522.576962302461,3085.579611043143,8.48929013532989,7.49974706429616e-17,1.0,0.0,15,5.5,5.5,32.34899956134945,41.220392199698836,,,17,True,1111111111111011,"6,5,6,5",16,I07,9,13,117,4,6608.158985334692
synthetic_16_stops_s406,MILP approximation,6.002240788008929,5.9959633327498025,0.017935586454645294,0.5744256418935023,3795.895966885196,2812.260798270715,8.507225721784534,0.0179355864546452,1.0,0.0,12,6.5,4.642857142857142,30.69686553800309,1.4671837999485433,0.009731619661081856,,17,True,1101010111111011,"7,6,7,6",16,I07,9,13,117,4,6608.158985334692
synthetic_20_stops_s407,All-stops baseline,8.2292833742835,8.2292833742835,1.380896123682044e-16,0.4795671428521804,4984.793749583945,5409.564983240889,6.976393919510767,4.0325290241056884e-18,1.0,0.0,20,3.0,11.0,37.00006376732389,0.0035391999408602715,,,18,True,11111111111111111111,"4,3,4,2,2",20,I08,12,16,192,5,10394.360464183084
synthetic_20_stops_s407,Greedy removal,7.693056613272218,7.586436763555298,0.30462814204834293,0.514522008899947,5348.127227261666,5046.229484241665,7.281022061559109,0.3046281420483428,1.0,0.0,15,3.0,11.0,34.27633288881656,0.2268346999771893,,,17,True,11111101010111011011,"4,3,4,2,2",20,I08,12,16,192,5,10394.360464183084
synthetic_20_stops_s407,Local search,6.733167483853302,6.733167483853302,1.380896123682044e-16,0.5637451577433922,5859.770379522572,4534.586771910368,6.976393919510767,4.0325290241056884e-18,1.0,0.0,19,5.0,6.0,35.76248094212015,3.6955844000913203,,,17,True,11111101111111111111,"5,5,5,5,5",20,I08,12,16,192,5,10394.360464183084
synthetic_20_stops_s407,MILP approximation,6.0746588200079294,5.968038970291009,0.30462814204834293,0.6075912149949675,6315.522103528654,4078.8353296422233,7.281022061559109,0.3046281420483428,1.0,0.0,15,6.0,5.0,33.504493156816785,6.321140700019896,0.0264488769098536,,17,True,11111101010111011011,"6,6,6,6,6",20,I08,12,16,192,5,10394.360464183084
synthetic_24_stops_s408,All-stops baseline,9.466434386293503,9.466434386293503,1.8086215951099467e-16,0.3977299567176736,5247.0036679723535,7945.371295752629,8.091210601315113,4.805204735064157e-17,0.9999999999999999,0.0,24,2.8333333333333335,11.666666666666666,40.7515005701814,0.004725400358438492,,,18,True,111111111111111111111111,"4,3,4,2,2,2",24,I09,15,15,225,6,13192.377338820646
synthetic_24_stops_s408,Greedy removal,8.74487626170497,8.592475927837864,0.43542952533458945,0.4455912036766829,5878.407297762087,7313.9649968660815,8.526640126649703,0.43542952533458934,0.9999999999999999,0.5614470667323634,17,2.8333333333333335,11.666666666666666,36.92663346902649,0.4193269000388682,,,17,True,110110111010101111011011,"4,3,4,2,2,2",24,I09,15,15,225,6,13192.377338820646
synthetic_24_stops_s408,Local search,8.086808785956547,8.086808785956547,1.8086215951099467e-16,0.4750564151278404,6267.123485593896,6925.251900889196,8.091210601315113,4.805204735064157e-17,0.9999999999999999,0.0,23,4.5,6.75,39.49837583578382,7.657277399674058,,,18,True,111111111011111111111111,"5,4,5,4,5,4",24,I09,15,15,225,6,13192.377338820646
synthetic_24_stops_s408,MILP approximation,7.166390304550096,7.15667963850692,0.027744760123360693,0.5289089028149645,6977.565823796629,6214.807398970691,8.118955361438474,0.02774476012336057,0.9999999999999999,0.10559067897244419,19,5.5,5.5,37.11693265847809,6.212717299815267,0.10232330505909663,,17,True,110111111011101111011011,"6,5,6,5,6,5",24,I09,15,15,225,6,13192.377338820646
synthetic_28_stops_s409,All-stops baseline,9.942658164258004,9.942658164258004,1.868387193834855e-16,0.4002296895989142,4887.980956789369,7324.956847561528,7.735530677168593,6.303542738099298e-17,1.0,0.0,28,3.25,10.0,46.23680948922005,0.0034420001320540905,,,18,True,1111111111111111111111111111,"4,3,4,2",28,I10,15,18,270,4,12212.939429075854
synthetic_28_stops_s409,Greedy removal,8.8227361025503,8.787185865246428,0.1015721065824886,0.46176284633282766,5639.481672860486,6573.456338776421,7.8371027837510825,0.10157210658248848,1.0,0.022443359471562636,20,3.25,10.0,41.48845988717967,0.4531370997428894,,,18,True,1101010111101101110110111011,"4,3,4,2",28,I10,15,18,270,4,12212.939429075854
synthetic_28_stops_s409,Local search,9.180581075263367,9.180581075263367,1.868387193834855e-16,0.4418334771947082,5396.085494716939,6816.852523872794,7.735530677168593,6.303542738099298e-17,1.0,0.0,27,4.0,7.5,45.121069266946094,114.90080800000578,,,18,True,1111110111111111111111111111,"4,4,4,4",28,I10,15,18,270,4,12212.939429075854
synthetic_28_stops_s409,MILP approximation,7.710960678186537,7.675410440882666,0.1015721065824886,0.5240297310650944,6399.943364532908,5812.994860841008,7.8371027837510825,0.10157210658248848,1.0,0.022443359471562636,20,5.0,6.0,40.61123069003649,6.307152399793267,0.08288887751903892,,18,True,1101010111101101110110111011,"5,5,5,5",28,I10,15,18,270,4,12212.939429075854
synthetic_12_stops_s410,All-stops baseline,7.48383359782193,7.48383359782193,2.324749489468608e-16,0.3602468829186979,2496.737838074994,4433.890515508867,10.651319106406783,4.4520751866201323e-17,1.0,0.0,12,3.0,11.0,30.284435753628145,0.0030398000963032246,,,18,True,111111111111,"4,3,4,2,2",12,I11,8,11,88,5,6930.629955342234
synthetic_12_stops_s410,Greedy removal,7.345674280697346,7.304386655187356,0.11796464431425856,0.3748634380249187,2598.0397727380787,4332.586603555598,10.769283750721042,0.11796464431425838,1.0,0.0,10,3.0,11.0,29.257627907777838,0.06332969991490245,,,17,True,110111110111,"4,3,4,2,2",12,I11,8,11,88,5,6930.629955342234
synthetic_12_stops_s410,Local search,6.233101150967635,6.233101150967635,2.324749489468608e-16,0.4647629832197738,3221.1002536371843,3709.526748766621,10.651319106406783,4.4520751866201323e-17,1.0,0.0,11,6.0,5.0,29.344803341455368,1.8914077999070287,,,17,True,110111111111,"6,6,6,6,6",12,I11,8,11,88,5,6930.629955342234
synthetic_12_stops_s410,MILP approximation,5.918429691171729,5.877142065661739,0.11796464431425856,0.4943701898034019,3426.296846479683,3504.3303175288656,10.769283750721042,0.11796464431425838,1.0,0.0,9,7.0,4.285714285714286,28.334563294544733,0.4082813998684287,0.009982154503534726,,17,True,101011110111,"7,7,7,7,7",12,I11,8,11,88,5,6930.629955342234
synthetic_16_stops_s411,All-stops baseline,8.036909159979311,8.036909159979311,1.8234938897388472e-16,0.4353020805329032,4842.844960122489,6282.401633397018,8.24935014766386,4.174897341975268e-17,0.9999999999999999,0.0,16,2.8333333333333335,11.666666666666666,33.964330928992275,0.003622999880462885,,,17,True,1111111111111111,"4,3,4,2,2,2",16,I12,11,14,154,6,11125.251122608483
synthetic_16_stops_s411,Greedy removal,7.640051291390111,7.640051291390111,1.8234938897388472e-16,0.46065238744886505,5124.8734905977635,6000.373313656239,8.24935014766386,4.174897341975268e-17,0.9999999999999999,0.0,13,2.8333333333333335,11.666666666666666,32.32204925414335,0.1392495003528893,,,17,True,1111011110111011,"4,3,4,2,2,2",16,I12,11,14,154,6,11125.251122608483
synthetic_16_stops_s411,Local search,6.458632612754011,6.458632612754011,1.8234938897388472e-16,0.5380795562687224,5986.270187431278,5138.977340827871,8.24935014766386,4.174897341975268e-17,0.9999999999999999,0.0,15,5.5,5.5,32.72264244815021,5.132357500027865,,,17,True,1111111111111011,"6,5,6,5,6,5",16,I12,11,14,154,6,11125.251122608483
synthetic_16_stops_s411,MILP approximation,5.895128087022303,5.870557113720994,0.07020278086088103,0.5774522066648282,6424.300810450626,4700.946979905397,8.319552928524741,0.07020278086088089,0.9999999999999999,0.0,12,6.5,4.642857142857142,31.079427099262848,6.105238100048155,0.016171588537673226,,17,True,1111011101011011,"7,6,7,6,7,6",16,I12,11,14,154,6,11125.251122608483
synthetic_20_stops_s412,All-stops baseline,8.38264959916406,8.38264959916406,1.5474361170896523e-16,0.4011418983075108,3095.0195229196743,4620.500063143,8.449319669202078,4.242179310379958e-18,1.0000000000000002,0.0,20,3.25,10.0,37.20286420783108,0.0023979004472494125,,,17,True,11111111111111111111,"4,3,4,2",20,I13,11,13,143,4,7715.522950801484
synthetic_20_stops_s412,Greedy removal,7.771798433577438,7.7497471418440815,0.06300369066673273,0.44181602764948485,3408.841701361543,4306.67814933778,8.512323359868812,0.06300369066673257,1.0000000000000002,0.2766743715158127,15,3.25,10.0,34.456585601868284,0.1719233999028802,,,17,True,10101101011111110111,"4,3,4,2",20,I13,11,13,143,4,7715.522950801484
synthetic_20_stops_s412,Local search,7.323182606677774,7.323182606677774,1.5474361170896523e-16,0.46967893725528453,3623.818619901198,4091.7014596962654,8.449319669202078,4.242179310379958e-18,1.0000000000000002,0.0,19,5.0,6.0,36.1902565222653,58.18195299990475,,,17,True,10111111111111111111,"5,5,5,5",20,I13,11,13,143,4,7715.522950801484
synthetic_20_stops_s412,MILP approximation,6.452870091995797,6.41332284799814,0.11299212570759071,0.530085211324051,4089.88461385117,3625.6357860628104,8.56231179490967,0.11299212570759055,1.0000000000000002,0.2766743715158127,14,6.0,5.0,33.330308984418075,4.009774699807167,0.008610333854218588,,17,True,10101010101111110111,"6,6,6,6",20,I13,11,13,143,4,7715.522950801484
synthetic_24_stops_s413,All-stops baseline,9.52751874621141,9.52751874621141,1.4324482525183332e-16,0.3940581811088835,5223.724592565158,8032.50013184791,8.287484544988493,-1.5247123939141763e-17,1.0000000000000002,0.0,24,3.0,11.0,42.32028562500689,0.003986199852079153,,,18,True,111111111111111111111111,"4,3,4,2,2",24,I14,14,16,224,5,13256.226727397327
synthetic_24_stops_s413,Greedy removal,8.628468917008595,8.579436543612239,0.14009249541816118,0.44754876112899594,5932.807849091758,7323.414610545483,8.427577040406653,0.1400924954181611,1.0000000000000002,0.3778698241931015,17,3.0,11.0,38.316527293219444,0.3756841002032161,,,17,True,110111101101101011011101,"4,3,4,2,2",24,I14,14,16,224,5,13256.226727397327
synthetic_24_stops_s413,Local search,8.564177065357235,8.564177065357235,1.4324482525183332e-16,0.4491791417552438,5954.420544325256,7301.804492734245,8.287484544988493,-1.5247123939141763e-17,1.0000000000000002,0.0,23,4.0,7.5,41.139709147168944,5.324795899912715,,,18,True,111111111111101111111111,"4,4,4,4,4",24,I14,14,16,224,5,13256.226727397327
synthetic_24_stops_s413,MILP approximation,7.1268801585171495,7.0778477851207935,0.14009249541816118,0.5355780897084392,7099.744587401416,6156.478684933192,8.427577040406653,0.1400924954181611,1.0000000000000002,0.3778698241931015,17,5.6,5.4,37.2967058139356,6.309559699613601,0.0862372622048701,,17,True,110111101101101011011101,"6,5,6,5,6",24,I14,14,16,224,5,13256.226727397327
synthetic_28_stops_s414,All-stops baseline,9.790614551880795,9.790614551880795,1.1227782165801924e-16,0.3630520602362216,7332.279914595328,12863.939669300882,7.543220651324351,-4.4061749190767274e-17,1.0,0.0,28,2.8333333333333335,11.666666666666666,47.71929488219013,0.005937099922448397,,,18,True,1111111111111111111111111111,"4,3,4,2,2,2",28,I15,17,19,323,6,20196.221747989926
synthetic_28_stops_s414,Greedy removal,8.854508499997577,8.777681765411108,0.2195049559613401,0.4198689841476274,8479.76710894875,11716.452742266025,7.762725607285691,0.21950495596133995,1.0,0.0,20,2.8333333333333335,11.666666666666666,42.98286636826234,0.7371410001069307,,,18,True,1101101110110111101011011011,"4,3,4,2,2,2",28,I15,17,19,323,6,20196.221747989926
synthetic_28_stops_s414,Local search,8.788120966771821,8.788120966771821,1.1227782165801924e-16,0.4195063661468305,8472.443595394843,11723.776468769383,7.543220651324351,-4.4061749190767274e-17,1.0,0.0,27,4.0,7.5,46.30571351426812,11.164072200190276,,,18,True,1111111110111111111111111111,"4,4,4,4,4,4",28,I15,17,19,323,6,20196.221747989926
synthetic_28_stops_s414,MILP approximation,7.463958813256601,7.420715636443475,0.12355193375178757,0.4990784193710155,10079.49842725334,10116.721858181012,7.666772585076137,0.12355193375178743,1.0,0.0,20,5.0,6.0,41.754461560111395,6.269566299859434,0.08891698563561479,,18,True,1111101101010111101011011011,"5,5,5,5,5,5",28,I15,17,19,323,6,20196.221747989926
synthetic_12_stops_s415,All-stops baseline,6.505058021384791,6.505058021384791,9.881447026600056e-17,0.4841798447752064,2511.857278335592,2676.0004674064157,6.418216015612624,-2.416194380844031e-17,1.0,0.0,12,3.25,10.0,29.387297528095836,0.002064500004053116,,,17,True,111111111111,"4,3,4,2",12,I16,7,12,84,4,5187.860059523522
synthetic_12_stops_s415,Greedy removal,6.393364416453346,6.393364416453346,9.881447026600056e-17,0.49251205230168066,2555.083604969849,2632.7741772149348,6.418216015612624,-2.416194380844031e-17,1.0,0.0,11,3.25,10.0,28.902310280083192,0.03657579980790615,,,17,True,111110111111,"4,3,4,2",12,I16,7,12,84,4,5187.860059523522
synthetic_12_stops_s415,Local search,5.295650533077137,5.295650533077137,9.881447026600056e-17,0.5770073471666305,2993.433370417385,2194.424795297068,6.418216015612624,-2.416194380844031e-17,1.0,0.0,11,6.0,5.0,28.59381037206733,27.532077999785542,,,17,True,111110111111,"6,6,6,6",12,I16,7,12,84,4,5187.860059523522
synthetic_12_stops_s415,MILP approximation,5.181549239344198,5.181549239344198,9.881447026600056e-17,0.5853815666680644,3036.877649298557,2150.9805452961555,6.418216015612624,-2.416194380844031e-17,1.0,0.0,11,6.5,4.642857142857142,28.580868237317986,0.5678921001963317,0.009872244401803523,,17,True,111110111111,"7,6,7,6",12,I16,7,12,84,4,5187.860059523522
synthetic_16_stops_s416,All-stops baseline,7.672502873326295,7.672502873326295,1.4282243208004593e-16,0.4279289891907204,3241.1099153607493,4332.8318979756505,7.390205378360687,7.143595729523012e-17,1.0,0.0,16,3.0,11.0,33.06461638389992,0.0032524000853300095,,,18,True,1111111111111111,"4,3,4,2,2",16,I17,10,11,110,5,7573.943334594337
synthetic_16_stops_s416,Greedy removal,7.292505319740028,7.292505319740028,1.4282243208004593e-16,0.4539892099830895,3438.48855092917,4135.451450038946,7.390205378360687,7.143595729523012e-17,1.0,0.0,13,3.0,11.0,31.470649453127567,0.13301429990679026,,,17,True,1011110111111101,"4,3,4,2,2",16,I17,10,11,110,5,7573.943334594337
synthetic_16_stops_s416,Local search,6.262071358570941,6.262071358570941,1.4282243208004593e-16,0.5264373485842481,3987.206647391181,3586.7338571337596,7.390205378360687,7.143595729523012e-17,1.0,0.0,15,5.6,5.4,32.055422511493326,2.824130699969828,,,17,True,1111110111111111,"6,5,6,5,6",16,I17,10,11,110,5,7573.943334594337
synthetic_16_stops_s416,MILP approximation,5.920168849776971,5.920168849776971,1.4282243208004593e-16,0.5508335586003203,4171.982159631775,3401.9584827411027,7.390205378360687,7.143595729523012e-17,1.0,0.0,13,6.0,5.0,30.985709145586895,5.875483499839902,0.008606757471799602,,17,True,1011110111111101,"6,6,6,6,6",16,I17,10,11,110,5,7573.943334594337
synthetic_20_stops_s417,All-stops baseline,8.33747801215735,8.33747801215735,1.9039878723290725e-16,0.43813409720935975,5017.367468188329,6434.29867985463,7.32448357930797,6.716262191315572e-17,1.0,0.0,20,2.8333333333333335,11.666666666666666,36.75750395675632,0.003954100422561169,,,17,True,11111111111111111111,"4,3,4,2,2,2",20,I18,13,14,182,6,11451.670847226507
synthetic_20_stops_s417,Greedy removal,7.671737405684579,7.671737405684579,1.9039878723290725e-16,0.4774289248506704,5467.358900335117,5984.30759226995,7.32448357930797,6.716262191315572e-17,1.0,0.0,15,2.8333333333333335,11.666666666666666,34.11299912710095,0.2621826999820769,,,17,True,10111011101110111011,"4,3,4,2,2,2",20,I18,13,14,182,6,11451.670847226507
synthetic_20_stops_s417,Local search,6.884341775515786,6.884341775515786,1.9039878723290725e-16,0.5249926462668429,6012.042982262303,5439.624042144385,7.32448357930797,6.716262191315572e-17,1.0,0.0,19,5.0,6.0,35.61122627863045,5.256708099972457,,,17,True,11111111101111111111,"5,5,5,5,5,5",20,I18,13,14,182,6,11451.670847226507
synthetic_20_stops_s417,MILP approximation,6.077462222899811,6.077462222899811,1.9039878723290725e-16,0.5750487020038352,6585.268456472762,4866.398927888732,7.32448357930797,6.716262191315572e-17,1.0,0.0,15,6.0,5.0,33.408360094060974,6.3198245000094175,0.043566675629420654,,17,True,10111011101110111011,"6,6,6,6,6,6",20,I18,13,14,182,6,11451.670847226507
synthetic_24_stops_s418,All-stops baseline,8.965947362036975,8.965947362036975,1.2418566890281049e-16,0.41112131976107247,4664.3418080380225,6681.071175704976,8.228574872815477,-3.478143546882838e-17,1.0,0.0,24,3.25,10.0,42.53548741851269,0.0032305996865034103,,,18,True,111111111111111111111111,"4,3,4,2",24,I19,13,17,221,4,11345.414562175356
synthetic_24_stops_s418,Greedy removal,8.220688934902572,8.16693344025783,0.15358712755640552,0.45656208398308523,5179.886116158823,6165.525006754562,8.382162000371881,0.1535871275564054,1.0,0.031403516856892875,18,3.25,10.0,39.0253571468386,0.30533900018781424,,,17,True,110110111111010101110111,"4,3,4,2",24,I19,13,17,221,4,11345.414562175356
synthetic_24_stops_s418,Local search,8.28259363010158,8.28259363010158,1.2418566890281049e-16,0.45128837539429345,5120.053705938875,6225.359466353624,8.228574872815477,-3.478143546882838e-17,1.0,0.0,23,4.0,7.5,41.51617251080408,90.1403914000839,,,18,True,110111111111111111111111,"4,4,4,4",24,I19,13,17,221,4,11345.414562175356
synthetic_24_stops_s418,MILP approximation,7.03737316037591,6.983617665731169,0.15358712755640552,0.5270874827349654,5980.026002161628,5365.385651186989,8.382162000371881,0.1535871275564054,1.0,0.031403516856892875,18,5.5,5.5,38.15527541581562,6.181188500020653,0.08265536952001162,,17,True,110110111111010101110111,"6,5,6,5",24,I19,13,17,221,4,11345.414562175356
synthetic_28_stops_s419,All-stops baseline,10.097848316603004,10.097848316603004,1.3307731697627537e-16,0.3611061659073572,6547.307509940851,11583.944405867129,8.31596045760106,-2.116794765785572e-18,1.0000000000000002,0.0,28,3.0,11.0,48.82202967597651,0.0048640999011695385,,,18,True,1111111111111111111111111111,"4,3,4,2,2",28,I20,16,20,320,5,18131.253708973167
synthetic_28_stops_s419,Greedy removal,9.025758097990318,8.998302440256468,0.0784447363824245,0.421835127531061,7648.399720622719,10482.852441427094,8.394405193983486,0.07844473638242437,1.0000000000000002,0.07428282131595221,20,3.0,11.0,43.8441319097564,0.6280006999149919,,,18,True,1010101101111111010111101011,"4,3,4,2,2",28,I20,16,20,320,5,18131.253708973167
synthetic_28_stops_s419,Local search,9.183191435077829,9.183191435077829,1.3307731697627537e-16,0.4113236772238115,7457.813948252714,10673.438342434813,8.31596045760106,-2.116794765785572e-18,1.0000000000000002,0.0,27,4.0,7.5,47.42016706585183,7.562140699941665,,,18,True,1110111111111111111111111111,"4,4,4,4,4",28,I20,16,20,320,5,18131.253708973167
synthetic_28_stops_s419,MILP approximation,7.768359689381722,7.740904031647873,0.0784447363824245,0.49340931780855657,8946.129523558311,9185.122963603255,8.394405193983486,0.07844473638242437,1.0000000000000002,0.07428282131595221,20,5.0,6.0,42.608099884485554,6.236236600205302,0.08288658730759567,,18,True,1010101101111111010111101011,"5,5,5,5,5",28,I20,16,20,320,5,18131.253708973167
synthetic_12_stops_s420,All-stops baseline,6.823410059193554,6.823410059193554,1.0970562784329135e-16,0.45734311955936857,2851.756742946969,3383.726411729181,6.393360214089084,-7.494898336606301e-17,1.0000000000000002,0.0,12,2.8333333333333335,11.666666666666666,28.911026408595372,0.0029517002403736115,,,17,True,111111111111,"4,3,4,2,2,2",12,I21,9,9,81,6,6235.486270558788
synthetic_12_stops_s420,Greedy removal,6.458575003704722,6.458575003704722,1.0970562784329135e-16,0.48474527601442907,3022.622513306203,3212.860797787544,6.393360214089084,-7.494898336606301e-17,1.0000000000000002,0.0,9,2.8333333333333335,11.666666666666666,27.353313089997446,0.06465940037742257,,,17,True,111011010111,"4,3,4,2,2,2",12,I21,9,9,81,6,6235.486270558788
synthetic_12_stops_s420,Local search,5.298906177658803,5.298906177658803,1.0970562784329135e-16,0.574086825719188,3579.710519880673,2655.773332523132,6.393360214089084,-7.494898336606301e-17,1.0000000000000002,0.0,11,6.0,5.0,28.104929405224055,2.246420199982822,,,17,True,111111110111,"6,6,6,6,6,6",12,I21,9,9,81,6,6235.486270558788
synthetic_12_stops_s420,MILP approximation,4.882715601226302,4.882715601226302,1.0970562784329135e-16,0.606203815842139,3779.975570844006,2455.50844407333,6.393360214089084,-7.494898336606301e-17,1.0000000000000002,0.0,9,7.0,4.285714285714286,27.080239189106464,0.7780475001782179,0.00989096638014839,,17,True,111011010111,"7,7,7,7,7,7",12,I21,9,9,81,6,6235.486270558788
synthetic_16_stops_s421,All-stops baseline,8.130849830510908,8.130849830510908,8.45650548247064e-17,0.4186920436389918,2590.423268135399,3596.515485607878,9.509076614523222,-4.19571160434729e-17,0.9999999999999999,0.0,16,3.25,10.0,33.35828744112936,0.002148000057786703,,,17,True,1111111111111111,"4,3,4,2",16,I22,9,12,108,4,6186.941709283914
synthetic_16_stops_s421,Greedy removal,7.600428403404458,7.600428403404458,8.45650548247064e-17,0.4531744274032707,2803.7637664821505,3383.1751794983156,9.509076614523222,-4.19571160434729e-17,0.9999999999999999,0.0,12,3.25,10.0,31.206903564611626,0.08600939996540546,,,17,True,1111101011010111,"4,3,4,2",16,I22,9,12,108,4,6186.941709283914
synthetic_16_stops_s421,Local search,6.8844441448750215,6.8844441448750215,8.45650548247064e-17,0.501335106155071,3101.7310785990876,3085.2081487859,9.509076614523222,-4.19571160434729e-17,0.9999999999999999,0.0,15,5.5,5.5,32.40510001336259,40.789271200075746,,,17,True,1111111111011111,"6,5,6,5",16,I22,9,12,108,4,6186.941709283914
synthetic_16_stops_s421,MILP approximation,6.254324454497349,6.254324454497349,8.45650548247064e-17,0.5437493487480988,3364.1455251655775,2822.7939038354843,9.509076614523222,-4.19571160434729e-17,0.9999999999999999,0.0,12,6.5,4.642857142857142,30.766056213727676,0.4040040001273155,0.009968509386682653,,17,True,1111101011010111,"7,6,7,6",16,I22,9,12,108,4,6186.941709283914
synthetic_20_stops_s422,All-stops baseline,8.273929589567265,8.273929589567265,1.7043308514212833e-16,0.44273277454268584,4664.921859911599,5871.727623071224,6.925164777296396,4.72715547466388e-17,1.0,0.0,20,3.0,11.0,37.32812352863213,0.003282199613749981,,,17,True,11111111111111111111,"4,3,4,2,2",20,I23,12,15,180,5,10536.653548475511
synthetic_20_stops_s422,Greedy removal,7.568247945280608,7.568247945280608,1.7043308514212833e-16,0.4850628341814974,5110.939033012063,5425.710771555179,6.925164777296396,4.72715547466388e-17,1.0,0.0,15,3.0,11.0,34.513241568340064,0.22152369981631637,,,17,True,11111101101010111011,"4,3,4,2,2",20,I23,12,15,180,5,10536.653548475511
synthetic_20_stops_s422,Local search,6.873116847191959,6.873116847191959,1.7043308514212833e-16,0.5276280239686287,5559.433691024175,4977.216526824515,6.925164777296396,4.72715547466388e-17,1.0,0.0,19,5.0,6.0,36.077252848567966,3.6333856997080147,,,17,True,11111111111111111011,"5,5,5,5,5",20,I23,12,15,180,5,10536.653548475511
synthetic_20_stops_s422,MILP approximation,6.031325622311839,6.031325622311839,1.7043308514212833e-16,0.5803626731366607,6115.080419308129,4421.570118956755,6.925164777296396,4.72715547466388e-17,1.0,0.0,15,6.0,5.0,33.721926740611465,6.148884300142527,0.040051204275341507,,17,True,11111101101010111011,"6,6,6,6,6",20,I23,12,15,180,5,10536.653548475511
synthetic_24_stops_s423,All-stops baseline,9.903595899869227,9.903595899869227,1.746122401071011e-16,0.34819797479963743,6210.387258855564,11625.404208399654,9.49588078285818,-2.677130650067072e-17,1.0000000000000002,0.0,24,2.8333333333333335,11.666666666666666,44.03547186667299,0.005191300064325333,,,18,True,111111111111111111111111,"4,3,4,2,2,2",24,I24,15,18,270,6,17835.793738976194
synthetic_24_stops_s423,Greedy removal,9.195171272876653,9.067346689736201,0.36521309468700563,0.3967241086630754,7075.889373393791,10759.902324149796,9.861093877545184,0.3652130946870055,1.0000000000000002,0.17818703001714517,17,2.8333333333333335,11.666666666666666,40.019792176137116,0.5159262996166945,,,18,True,101011011111110101101011,"4,3,4,2,2,2",24,I24,15,18,270,6,17835.793738976194
synthetic_24_stops_s423,Local search,8.912311394414484,8.912311394414484,1.746122401071011e-16,0.4067440210651802,7254.602464280342,10581.189469308585,9.49588078285818,-2.677130650067072e-17,1.0000000000000002,0.0,23,4.0,7.5,42.724938313836816,8.45608860021457,,,18,True,111111111111111111101111,"4,4,4,4,4,4",24,I24,15,18,270,6,17835.793738976194
synthetic_24_stops_s423,MILP approximation,7.904433284533333,7.84972303056201,0.15631501134663794,0.4706469406711092,8394.361757690069,9441.427977794381,9.652195794204816,0.15631501134663783,1.0000000000000002,0.17818703001714517,19,5.333333333333333,5.666666666666667,40.00281695720315,6.248836199752986,0.32973135965745803,,17,True,101011011111111111101011,"5,5,6,5,6,5",24,I24,15,18,270,6,17835.793738976194
synthetic_28_stops_s424,All-stops baseline,9.64305690153118,9.64305690153118,1.9262248452496676e-16,0.3596084681657928,4573.111316716097,8143.804749838034,8.891190460708769,-2.836976343446868e-17,1.0,0.0,28,3.25,10.0,46.96830817409486,0.003405500203371048,,,18,True,1111111111111111111111111111,"4,3,4,2",28,I25,15,17,255,4,12716.91776348193
synthetic_28_stops_s424,Greedy removal,8.615901901160447,8.596527719611435,0.055354804425746584,0.41824696913449877,5318.812311308986,7398.103983711697,8.946545265134514,0.05535480442574638,1.0,0.09308880947342474,20,3.25,10.0,42.25096275094519,0.4665968003682792,,,18,True,1010111111101010111011101011,"4,3,4,2",28,I25,15,17,255,4,12716.91776348193
synthetic_28_stops_s424,Local search,8.997198873300464,8.997198873300464,1.9262248452496676e-16,0.3955736193893517,5030.477187177286,7686.439096850303,8.891190460708769,-2.836976343446868e-17,1.0,0.0,27,4.0,7.5,45.93167925474641,113.87762769963592,,,18,True,1111111111111111111111101111,"4,4,4,4",28,I25,15,17,255,4,12716.91776348193
synthetic_28_stops_s424,MILP approximation,7.654811322152234,7.635437140603223,0.055354804425746584,0.4742845330824532,6031.437403700982,6685.479119900506,8.946545265134514,0.05535480442574638,1.0,0.09308880947342474,20,5.0,6.0,41.445294770849074,6.340342899784446,0.10070628280289338,,18,True,1010111111101010111011101011,"5,5,5,5",28,I25,15,17,255,4,12716.91776348193
synthetic_12_stops_s425,All-stops baseline,7.049837650871147,7.049837650871147,1.2252657266679166e-16,0.4698759366979159,2607.6277517175486,2941.9785883554423,7.6675264239247936,8.68383143260804e-19,1.0000000000000002,0.0,12,3.0,11.0,28.93071379485832,0.0024597998708486557,,,17,True,111111111111,"4,3,4,2,2",12,I26,8,10,80,5,5549.609052216686
synthetic_12_stops_s425,Greedy removal,6.701673491423287,6.689493018750571,0.03480135049347567,0.4949482315374372,2746.769186118802,2802.8372810448527,7.702327774418268,0.034801350493475554,1.0000000000000002,0.0,9,3.0,11.0,27.44871215495106,0.05502619966864586,,,17,True,111101011011,"4,3,4,2,2",12,I26,8,10,80,5,5549.609052216686
synthetic_12_stops_s425,Local search,5.547888311163633,5.547888311163633,1.2252657266679166e-16,0.5768620520461992,3201.3588659158804,2348.248039983064,7.6675264239247936,8.68383143260804e-19,1.0000000000000002,0.0,11,6.0,5.0,28.13821329807272,1.5489753000438213,,,17,True,111111011111,"6,6,6,6,6",12,I26,8,10,80,5,5549.609052216686
synthetic_12_stops_s425,MILP approximation,5.141461542683538,5.129281070010821,0.03480135049347567,0.6069960593210445,3368.5908254679252,2181.01365835006,7.702327774418268,0.034801350493475554,1.0000000000000002,0.0,9,7.0,4.285714285714286,27.160968956072814,0.6663965997286141,0.00988315025625163,,16,True,111101011011,"7,7,7,7,7",12,I26,8,10,80,5,5549.609052216686
synthetic_16_stops_s426,All-stops baseline,7.659336274820821,7.659336274820821,1.2381455904177192e-16,0.42917539307317265,4524.539758019436,6017.858418429145,7.109315574322813,-4.837591185021077e-17,1.0,0.0,16,2.8333333333333335,11.666666666666666,33.72357715512621,0.003531600348651409,,,17,True,1111111111111111,"4,3,4,2,2,2",16,I27,11,13,143,6,10542.402549272017
synthetic_16_stops_s426,Greedy removal,7.159790920580955,7.156921707962577,0.008197750338222343,0.46355015078661016,4886.932291368187,5655.466155958856,7.117513324661035,0.008197750338222195,1.0,0.0,12,2.8333333333333335,11.666666666666666,31.555076872618514,0.1350810001604259,,,17,True,1110110111101011,"4,3,4,2,2,2",16,I27,11,13,143,6,10542.402549272017
synthetic_16_stops_s426,Local search,6.154561417086162,6.154561417086162,1.2381455904177192e-16,0.5343393128535378,5633.220134003394,4909.178956690707,7.109315574322813,-4.837591185021077e-17,1.0,0.0,15,5.5,5.5,32.52801656829763,5.345239599701017,,,17,True,1111111111111011,"6,5,6,5,6,5",16,I27,11,13,143,6,10542.402549272017
synthetic_16_stops_s426,MILP approximation,5.565833581216685,5.5629643685983075,0.008197750338222343,0.576393872856832,6076.576234590637,4465.823120989831,7.117513324661035,0.008197750338222195,1.0,0.0,12,6.5,4.642857142857142,30.865784269428598,4.650826599914581,0.00996160090786363,,17,True,1110110111101011,"7,6,7,6,7,6",16,I27,11,13,143,6,10542.402549272017
synthetic_20_stops_s427,All-stops baseline,8.364624226158714,8.364624226158714,2.229717306810373e-16,0.4326097070281418,3844.739421240721,5042.575669874065,8.407447620808504,4.0254159417209307e-17,1.0,0.0,20,3.25,10.0,37.90033158915068,0.0027728998102247715,,,18,True,11111111111111111111,"4,3,4,2",20,I28,11,16,176,4,8887.316578383241
synthetic_20_stops_s427,Greedy removal,7.535593383503534,7.528582335454741,0.02003156585369352,0.48232977210181943,4286.6173798483105,4600.696047040713,8.427479186662197,0.020031565853693346,1.0,0.0,14,3.25,10.0,34.46224614016482,0.18340760003775358,,,17,True,11101011011011010111,"4,3,4,2",20,I28,11,16,176,4,8887.316578383241
synthetic_20_stops_s427,Local search,7.230943201996298,7.230943201996298,2.229717306810373e-16,0.5017534773795375,4459.241997776604,4428.071621028872,8.407447620808504,4.0254159417209307e-17,1.0,0.0,19,5.0,6.0,36.75412290374389,64.44460020028055,,,17,True,11111111111011111111,"5,5,5,5",20,I28,11,16,176,4,8887.316578383241
synthetic_20_stops_s427,MILP approximation,6.2624879758911165,6.255476927842324,0.02003156585369352,0.5620742447582554,4995.331753722283,3891.9821910087167,8.427479186662197,0.020031565853693346,1.0,0.0,14,6.0,5.0,33.77333849929124,2.828912700060755,0.00971403377988745,,17,True,11101011011011010111,"6,6,6,6",20,I28,11,16,176,4,8887.316578383241
synthetic_24_stops_s428,All-stops baseline,9.482606219363678,9.482606219363678,1.7050150513486606e-16,0.3882395637588551,4535.441694241321,7146.626114907369,8.387392234441208,1.0537044687861317e-18,1.0000000000000002,0.0,24,3.0,11.0,41.27532863434604,0.0038247001357376575,,,18,True,111111111111111111111111,"4,3,4,2,2",24,I29,14,15,210,5,11682.069829076958
synthetic_24_stops_s428,Greedy removal,8.567664540474377,8.527335966076183,0.11522449828055516,0.44205606308630785,5164.129797341097,6517.935777165483,8.502616732721766,0.11522449828055499,1.0000000000000002,0.0,17,3.0,11.0,37.384747027420964,0.3627357999794185,,,17,True,111010111101110101110101,"4,3,4,2,2",24,I29,14,15,210,5,11682.069829076958
synthetic_24_stops_s428,Local search,8.220502645542444,8.220502645542444,1.7050150513486606e-16,0.46003310183667145,5374.1388193428675,6307.929328614615,8.387392234441208,1.0537044687861317e-18,1.0000000000000002,0.0,23,4.6,6.6,40.03830278786898,7.50438280031085,,,18,True,111111111111110111111111,"5,4,5,4,5",24,I29,14,15,210,5,11682.069829076958
synthetic_24_stops_s428,MILP approximation,7.077652735131455,7.03732416073326,0.11522449828055516,0.5294868658484286,6185.502540420446,5496.563817926124,8.502616732721766,0.11522449828055499,1.0000000000000002,0.0,17,5.6,5.4,36.522426215590556,6.3122624000534415,0.07631544202472702,,17,True,111010111101110101110101,"6,5,6,5,6",24,I29,14,15,210,5,11682.069829076958
synthetic_28_stops_s429,All-stops baseline,9.615355948401636,9.615355948401636,1.4535526676795032e-16,0.369035377202647,6524.654843090089,11155.63908214946,7.498648540544839,3.5076598651761503e-17,1.0000000000000002,0.0,28,2.8333333333333335,11.666666666666666,46.16483512496649,0.005790000315755606,,,18,True,1111111111111111111111111111,"4,3,4,2,2,2",28,I30,17,18,306,6,17680.296378488478
synthetic_28_stops_s429,Greedy removal,8.61756305285089,8.576385440660216,0.11765032054478326,0.4266519311668991,7543.332593485241,10136.96163029346,7.616298861089623,0.11765032054478317,1.0000000000000002,0.21716778029459716,20,2.8333333333333335,11.666666666666666,41.54208326796569,0.7609207001514733,,,18,True,1111011010110111101101110101,"4,3,4,2,2,2",28,I30,17,18,306,6,17680.296378488478
synthetic_28_stops_s429,Local search,8.62698763050245,8.62698763050245,1.4535526676795032e-16,0.4237922670675427,7492.772884665697,10187.521496444602,7.498648540544839,3.5076598651761503e-17,1.0000000000000002,0.0,27,4.0,7.5,44.90770548135824,10.83831619983539,,,18,True,1111111111111111111111111101,"4,4,4,4,4,4",28,I30,17,18,306,6,17680.296378488478
synthetic_28_stops_s429,MILP approximation,7.3080518948032305,7.266874282612556,0.11765032054478326,0.5026240547568498,8886.542255058726,8793.752417913693,7.616298861089623,0.11765032054478317,1.0000000000000002,0.21716778029459716,20,5.0,6.0,40.53093911954419,6.423702100291848,0.10709758694438741,,18,True,1111011010110111101101110101,"5,5,5,5,5,5",28,I30,17,18,306,6,17680.296378488478
synthetic_12_stops_s430,All-stops baseline,7.572763934879075,7.572763934879075,1.7031940202914013e-16,0.42133013278143844,2039.3479303050653,2800.910816782701,10.34474447474806,-3.252644555794689e-17,1.0,0.0,12,3.25,10.0,29.52894345153298,0.002004999667406082,,,17,True,111111111111,"4,3,4,2",12,I31,7,11,77,4,4840.261285947379
synthetic_12_stops_s430,Greedy removal,7.320394296405191,7.320394296405191,1.7031940202914013e-16,0.43913403956006575,2125.523491024271,2714.735340188552,10.34474447474806,-3.252644555794689e-17,1.0,0.0,10,3.25,10.0,28.467533266083144,0.04420469980686903,,,17,True,111011011111,"4,3,4,2",12,I31,7,11,77,4,4840.261285947379
synthetic_12_stops_s430,Local search,6.2916497806012135,6.2916497806012135,1.7031940202914013e-16,0.5148806745217352,2492.1569957700285,2348.1021984200343,10.34474447474806,-3.252644555794689e-17,1.0,0.0,11,6.0,5.0,28.707533933643496,27.60560439992696,,,17,True,111111011111,"6,6,6,6",12,I31,7,11,77,4,4840.261285947379
synthetic_12_stops_s430,MILP approximation,5.860145214520762,5.860145214520762,1.7031940202914013e-16,0.5462303377444849,2643.897556994592,2196.3617653385363,10.34474447474806,-3.252644555794689e-17,1.0,0.0,9,7.0,4.285714285714286,27.706717257026526,0.24132279958575964,0.00999897697990543,,17,True,111010101111,"7,7,7,7",12,I31,7,11,77,4,4840.261285947379
synthetic_16_stops_s431,All-stops baseline,7.841670190804951,7.841670190804951,1.6877196737246088e-16,0.4291086142899563,4018.1599125785233,5345.807787730591,7.891067823247836,5.0551067523210225e-17,0.9999999999999998,0.0,16,3.0,11.0,33.927746189690595,0.0030526998452842236,,,18,True,1111111111111111,"4,3,4,2,2",16,I32,10,14,140,5,9363.96935127334
synthetic_16_stops_s431,Greedy removal,7.601967735238068,7.601967735238068,1.6877196737246088e-16,0.4452385575552286,4169.200206952311,5194.767542532017,7.891067823247836,5.0551067523210225e-17,0.9999999999999998,0.0,14,3.0,11.0,32.89922899936569,0.10159979993477464,,,18,True,1111011111011111,"4,3,4,2,2",16,I32,10,14,140,5,9363.96935127334
synthetic_16_stops_s431,Local search,6.414668100327424,6.414668100327424,1.6877196737246088e-16,0.5270946965563199,4935.6985837721,4428.26767087373,7.891067823247836,5.0551067523210225e-17,0.9999999999999998,0.0,15,5.6,5.4,32.776831700103756,3.6049867998808622,,,17,True,1111011111111111,"6,5,6,5,6",16,I32,10,14,140,5,9363.96935127334
synthetic_16_stops_s431,MILP approximation,6.202992119517148,6.202992119517148,1.6877196737246088e-16,0.5420939005715107,5076.150670463843,4287.815678245113,7.891067823247836,5.0551067523210225e-17,0.9999999999999998,0.0,14,6.0,5.0,32.233769810974266,6.110431499779224,0.05053666936565808,,17,True,1111011111011111,"6,6,6,6,6",16,I32,10,14,140,5,9363.96935127334
synthetic_20_stops_s432,All-stops baseline,8.810349381612285,8.810349381612285,1.1455180064299885e-16,0.38091569548057663,4531.539595561828,7364.8952371718115,8.745264826883988,-1.5495011645590304e-17,0.9999999999999999,0.0,20,2.8333333333333335,11.666666666666666,37.54561827422793,0.004229099955409765,,,18,True,11111111111111111111,"4,3,4,2,2,2",20,I33,13,13,169,6,11896.437057666206
synthetic_20_stops_s432,Greedy removal,8.20729321224147,8.1881983131605,0.05455685451705662,0.4196900079515422,4992.815763326951,6903.619234543337,8.799821681401044,0.054556854517056504,0.9999999999999999,0.0,15,2.8333333333333335,11.666666666666666,34.87086984207244,0.266631199978292,,,18,True,10111101101101110111,"4,3,4,2,2,2",20,I33,13,13,169,6,11896.437057666206
synthetic_20_stops_s432,Local search,7.4177584309799425,7.4177584309799425,1.1455180064299885e-16,0.4696449326645415,5587.101380895601,6309.333890776981,8.745264826883988,-1.5495011645590304e-17,0.9999999999999999,0.0,19,5.0,6.0,36.339766251180656,5.28228300018236,,,18,True,11111111111101111111,"5,5,5,5,5,5",20,I33,13,13,169,6,11896.437057666206
synthetic_20_stops_s432,MILP approximation,6.649672619381546,6.630577720300576,0.05455685451705662,0.5208422108605644,6196.1665784784145,5700.266677361604,8.799821681401044,0.054556854517056504,0.9999999999999999,0.0,15,6.0,5.0,34.10463571265147,6.155700299888849,0.050582516908284345,,17,True,10111101101101110111,"6,6,6,6,6,6",20,I33,13,13,169,6,11896.437057666206
synthetic_24_stops_s433,All-stops baseline,9.342005789824524,9.342005789824524,1.7975818734469147e-16,0.40219470701381554,3955.7642129859887,5879.679871497909,9.064565103491537,7.544719789267062e-17,0.9999999999999998,0.0,24,3.25,10.0,41.62213008415939,0.0031451997347176075,,,18,True,111111111111111111111111,"4,3,4,2",24,I34,13,16,208,4,9835.445728156006
synthetic_24_stops_s433,Greedy removal,8.441178680702887,8.386013312013802,0.15761533911167352,0.4552920340748322,4478.0000916047675,5357.444167545105,9.22218044260321,0.15761533911167344,0.9999999999999998,0.2121971339334556,17,3.25,10.0,37.65723622452224,0.303574999794364,,,18,True,111111101010101111010101,"4,3,4,2",24,I34,13,16,208,4,9835.445728156006
synthetic_24_stops_s433,Local search,8.620245083316961,8.620245083316961,1.7975818734469147e-16,0.4425134576759317,4352.317096950286,5483.127166051641,9.064565103491537,7.544719789267062e-17,0.9999999999999998,0.0,23,4.0,7.5,40.66988104172913,85.68962449999526,,,18,True,111111111111101111111111,"4,4,4,4",24,I34,13,16,208,4,9835.445728156006
synthetic_24_stops_s433,MILP approximation,7.208870378735596,7.15370501004651,0.15761533911167352,0.5261875906438149,5175.289490606411,4660.154992295912,9.22218044260321,0.15761533911167344,0.9999999999999998,0.2121971339334556,17,5.5,5.5,36.91874398868908,6.113188600167632,0.09434806301929084,,18,True,111111101010101111010101,"6,5,6,5",24,I34,13,16,208,4,9835.445728156006
synthetic_28_stops_s434,All-stops baseline,10.780876939963047,10.780876939963047,2.0109313477105443e-16,0.336150691150384,5391.358649316043,10647.156280853498,10.751527602025433,-1.60002264300989e-17,0.9999999999999999,0.0,28,3.0,11.0,47.73401446642567,0.004754900000989437,,,18,True,1111111111111111111111111111,"4,3,4,2,2",28,I35,16,19,304,5,16038.517222337367
synthetic_28_stops_s434,Greedy removal,9.725131663223937,9.710893000515874,0.040681893451609885,0.39267065569913584,6297.855074137096,9740.660169850165,10.792209495477044,0.04068189345160969,0.9999999999999999,0.0,20,3.0,11.0,43.07861130471785,0.6441774996928871,,,18,True,1111111101010111011010101101,"4,3,4,2,2",28,I35,16,19,304,5,16038.517222337367
synthetic_28_stops_s434,Local search,9.889081586120863,9.889081586120863,2.0109313477105443e-16,0.383665822564576,6153.430902824184,9885.08442981158,10.751527602025433,-1.60002264300989e-17,0.9999999999999999,0.0,27,4.0,7.5,46.501609658920884,7.5182976997457445,,,18,True,1111111111011111111111111111,"4,4,4,4,4",28,I35,16,19,304,5,16038.517222337367
synthetic_28_stops_s434,MILP approximation,8.477809414377933,8.46357075166987,0.040681893451609885,0.46168719580995937,7404.778041330677,8633.737601591565,10.792209495477044,0.04068189345160969,0.9999999999999999,0.0,20,5.0,6.0,42.04473181500568,6.241129099857062,0.11584037056811021,,18,True,1111111101010111011010101101,"5,5,5,5,5",28,I35,16,19,304,5,16038.517222337367
synthetic_12_stops_s435,All-stops baseline,7.4718988882025705,7.4718988882025705,9.485969975551138e-17,0.3879133381052878,3259.9250322692865,5143.816405485984,9.485234201803088,-2.5756443594292167e-17,0.9999999999999998,0.0,12,2.8333333333333335,11.666666666666666,30.320947506421813,0.00319859990850091,,,17,True,111111111111,"4,3,4,2,2,2",12,I36,9,12,108,6,8403.745661832527
synthetic_12_stops_s435,Greedy removal,7.121869707450292,7.121869707450292,9.485969975551138e-17,0.4148128141278693,3485.981387199624,4917.760256409845,9.485234201803088,-2.5756443594292167e-17,0.9999999999999998,0.0,9,2.8333333333333335,11.666666666666666,28.690113791184363,0.07359529985114932,,,17,True,101111011011,"4,3,4,2,2,2",12,I36,9,12,108,6,8403.745661832527
synthetic_12_stops_s435,Local search,5.998355553989368,5.998355553989368,9.485969975551138e-17,0.5033797211660027,4230.275148003262,4173.467215495765,9.485234201803088,-2.5756443594292167e-17,0.9999999999999998,0.0,11,6.0,5.0,29.304898501492826,2.4549461998976767,,,17,True,111111111011,"6,6,6,6,6,6",12,I36,9,12,108,6,8403.745661832527
synthetic_12_stops_s435,MILP approximation,5.57601226231156,5.57601226231156,9.485969975551138e-17,0.5366730903662695,4510.064154987793,3893.6784110376184,9.485234201803088,-2.5756443594292167e-17,0.9999999999999998,0.0,9,7.0,4.285714285714286,28.201447407862926,0.6031287000514567,0.008127961186095248,,17,True,101111011011,"7,7,7,7,7,7",12,I36,9,12,108,6,8403.745661832527
synthetic_16_stops_s436,All-stops baseline,7.466500065165371,7.466500065165371,1.6192091390443144e-16,0.4428239526113489,2530.6827148660263,3184.1877552604024,7.443197112841626,-7.985177760229131e-18,1.0,0.0,16,3.25,10.0,32.57635265496853,0.0021097999997437,,,17,True,1111111111111111,"4,3,4,2",16,I37,9,11,99,4,5714.873145281547
synthetic_16_stops_s436,Greedy removal,7.076418627925096,7.010519662248312,0.18828275907652642,0.4746769208109956,2712.7183874276943,3002.152238650224,7.6314798719181525,0.18828275907652625,1.0,0.8331084456414801,12,3.25,10.0,30.478883232091295,0.08715099981054664,,,17,True,1010111110111101,"4,3,4,2",16,I37,9,11,99,4,5714.873145281547
synthetic_16_stops_s436,Local search,6.247476832597858,6.247476832597858,1.6192091390443144e-16,0.5285287524614211,3020.474773950934,2694.396138633285,7.443197112841626,-7.985177760229131e-18,1.0,0.0,15,5.5,5.5,31.673852814060233,40.41617520013824,,,17,True,1110111111111111,"6,5,6,5",16,I37,9,11,99,4,5714.873145281547
synthetic_16_stops_s436,MILP approximation,5.770914642681018,5.7050156770042335,0.18828275907652642,0.5675437716416457,3243.440659326644,2471.430420109192,7.6314798719181525,0.18828275907652625,1.0,0.8331084456414801,12,6.5,4.642857142857142,30.08549524117136,1.0082356999628246,0.009953420332283806,,17,True,1010111110111101,"7,6,7,6",16,I37,9,11,99,4,5714.873145281547
synthetic_20_stops_s437,All-stops baseline,8.962381891539355,8.962381891539355,9.958707484142047e-17,0.38465123822096065,4005.9483717615944,6408.544635049015,9.156816804814497,-8.697647399077948e-17,1.0000000000000002,0.0,20,3.0,11.0,37.77212587845274,0.0033192001283168793,,,18,True,11111111111111111111,"4,3,4,2,2",20,I38,12,14,168,5,10414.4949338767
synthetic_20_stops_s437,Greedy removal,8.176493377628494,8.173658240268395,0.008100392457428805,0.433542886113557,4515.130191047922,5899.3629973724455,9.164917197271928,0.00810039245742864,1.0000000000000002,0.0,14,3.0,11.0,34.45579323127719,0.23039430007338524,,,18,True,10101011110101011111,"4,3,4,2,2",20,I38,12,14,168,5,10414.4949338767
synthetic_20_stops_s437,Local search,7.636618343618258,7.636618343618258,9.958707484142047e-17,0.46834569063537107,4877.5838224250565,5536.9095391475175,9.156816804814497,-8.697647399077948e-17,1.0000000000000002,0.0,19,5.0,6.0,36.55430238589254,3.6728245997801423,,,18,True,11111011111111111111,"5,5,5,5,5",20,I38,12,14,168,5,10414.4949338767
synthetic_20_stops_s437,MILP approximation,6.6831960577529905,6.68036092039289,0.008100392457428805,0.5297633981819612,5517.21822651934,4897.273426641362,9.164917197271928,0.00810039245742864,1.0000000000000002,0.0,14,6.0,5.0,33.67403383470036,6.1508939997293055,0.04782375157773224,,17,True,10101011110101011111,"6,6,6,6,6",20,I38,12,14,168,5,10414.4949338767
synthetic_24_stops_s438,All-stops baseline,9.032731266429618,9.032731266429618,1.6676370891579334e-16,0.3436436944143128,6220.936998151445,11881.930546791318,8.073700538909273,2.5271666354319802e-17,1.0000000000000002,0.0,24,2.8333333333333335,11.666666666666666,43.745362079598515,0.004935199860483408,,,18,True,111111111111111111111111,"4,3,4,2,2,2",24,I39,15,17,255,6,18102.869627082968
synthetic_24_stops_s438,Greedy removal,8.390501546024579,8.354030966862366,0.10420165474918006,0.3875876125615522,7016.448019274125,11086.419718299068,8.177902193658456,0.10420165474917993,1.0000000000000002,0.08663187981307936,18,2.8333333333333335,11.666666666666666,40.33296530878272,0.4773506000638008,,,18,True,101101011101101111101111,"4,3,4,2,2,2",24,I39,15,17,255,6,18102.869627082968
synthetic_24_stops_s438,Local search,8.163053603981346,8.163053603981346,1.6676370891579334e-16,0.40077105739884444,7255.1062023994655,10847.761801908648,8.073700538909273,2.5271666354319802e-17,1.0000000000000002,0.0,23,4.0,7.5,42.49226302114235,7.9988238997757435,,,18,True,111111111101111111111111,"4,4,4,4,4,4",24,I39,15,17,255,6,18102.869627082968
synthetic_24_stops_s438,MILP approximation,7.039474249312202,7.003003670149989,0.10420165474918006,0.47810125544916693,8655.00469594096,9447.861268393532,8.177902193658456,0.10420165474917993,1.0000000000000002,0.08663187981307936,18,5.5,5.5,39.14191457217913,6.205399599857628,0.09959066791097677,,17,True,101101011101101111101111,"6,5,6,5,6,5",24,I39,15,17,255,6,18102.869627082968
synthetic_28_stops_s439,All-stops baseline,10.130541179302758,10.130541179302758,1.6088415393745194e-16,0.3803891329666589,5305.789509283743,8642.529332353442,9.097270812650144,-3.905966134077047e-17,0.9999999999999999,0.0,28,3.25,10.0,47.991654259694286,0.0038759997114539146,,,18,True,1111111111111111111111111111,"4,3,4,2",28,I40,15,20,300,4,13948.32041573805
synthetic_28_stops_s439,Greedy removal,9.048938955398185,9.007525869861444,0.11832310153354264,0.4396992275539035,6133.065712474363,7815.253335481572,9.215593914183687,0.11832310153354245,0.9999999999999999,0.06196284516863966,20,3.25,10.0,43.14921549727123,0.49915859987959266,,,18,True,1101011111101011110101011011,"4,3,4,2",28,I40,15,20,300,4,13948.32041573805
synthetic_28_stops_s439,Local search,9.395871880989727,9.395871880989727,1.6088415393745194e-16,0.41921401703033245,5847.331432307745,8100.987634313806,9.097270812650144,-3.905966134077047e-17,0.9999999999999999,0.0,27,4.0,7.5,46.819762482992395,131.79897299967706,,,18,True,1111111111101111111111111111,"4,4,4,4",28,I40,15,20,300,4,13948.32041573805
synthetic_28_stops_s439,MILP approximation,7.972172625405531,7.930759539868792,0.11832310153354264,0.4986773695165667,6955.711734094475,6992.607530879527,9.215593914183687,0.11832310153354245,0.9999999999999999,0.06196284516863966,20,5.0,6.0,42.175616057242976,6.4665802996605635,0.06805661816547286,,18,True,1101011111101011110101011011,"5,5,5,5",28,I40,15,20,300,4,13948.32041573805
synthetic_12_stops_s440,All-stops baseline,7.349799418033321,7.349799418033321,1.8541404723049617e-16,0.42281251889510263,2116.1828563085205,2888.8290523435126,8.849793774488345,2.0847174367169852e-17,1.0,0.0,12,3.0,11.0,28.967896209799143,0.0034501999616622925,,,17,True,111111111111,"4,3,4,2,2",12,I41,8,9,72,5,5005.014661908659
synthetic_12_stops_s440,Greedy removal,7.1176198767419345,7.046794340759518,0.20235867423547757,0.4451059218266332,2227.7616648446688,2777.250355502987,9.052152448723824,0.20235867423547746,1.0,0.6993672702815772,9,3.0,11.0,27.48484348019731,0.05342660006135702,,,17,True,101011011111,"4,3,4,2,2",12,I41,8,9,72,5,5005.014661908659
synthetic_12_stops_s440,Local search,5.88351693336574,5.88351693336574,1.8541404723049617e-16,0.5324811918412997,2665.0761723563023,2339.9362971185496,8.849793774488345,2.0847174367169852e-17,1.0,0.0,11,6.0,5.0,28.229720332420744,1.5992558998987079,,,17,True,111111011111,"6,6,6,6,6",12,I41,8,9,72,5,5005.014661908659
synthetic_12_stops_s440,MILP approximation,5.577602514361847,5.570607091117791,0.019986923554445774,0.5558898763449681,2782.236981513157,2222.7755912301895,8.869780698042792,0.01998692355444562,1.0,0.0,10,7.0,4.285714285714286,27.70995706177747,0.3204965000040829,0.00997080164623529,,17,True,111011011111,"7,7,7,7,7",12,I41,8,9,72,5,5005.014661908659
synthetic_16_stops_s441,All-stops baseline,7.558441920077712,7.558441920077712,1.539836509793337e-16,0.42460585536739903,4032.7751427806725,5464.911416025148,7.122320487002319,1.60161733709659e-17,1.0,0.0,16,2.8333333333333335,11.666666666666666,33.20189522966117,0.003426500130444765,,,17,True,1111111111111111,"4,3,4,2,2,2",16,I42,11,12,132,6,9497.690839169492
synthetic_16_stops_s441,Greedy removal,7.159298468661118,7.118491408443865,0.11659160062072112,0.4549952969186795,4321.404663409746,5176.282132347821,7.238912087623039,0.11659160062072098,1.0,0.0,12,2.8333333333333335,11.666666666666666,31.197109606424902,0.13741619978100061,,,17,True,1111010111101011,"4,3,4,2,2,2",16,I42,11,12,132,6,9497.690839169492
synthetic_16_stops_s441,Local search,6.058214202751596,6.058214202751596,1.539836509793337e-16,0.5300976913353286,5034.703986860448,4462.98345992737,7.122320487002319,1.60161733709659e-17,1.0,0.0,15,5.5,5.5,32.136974091202255,3.9661813001148403,,,17,True,1111110111111111,"6,5,6,5,6,5",16,I42,11,12,132,6,9497.690839169492
synthetic_16_stops_s441,MILP approximation,5.562527875598659,5.521720815381406,0.11659160062072112,0.568809935215004,5402.380910920136,4095.3067834995627,7.238912087623039,0.11659160062072098,1.0,0.0,12,6.5,4.642857142857142,30.600956853146084,6.139397100079805,0.03415266618627938,,17,True,1111010111101011,"7,6,7,6,7,6",16,I42,11,12,132,6,9497.690839169492
synthetic_20_stops_s442,All-stops baseline,8.615979208521484,8.615979208521484,1.28943530178093e-16,0.4439423261627867,3848.675227051321,4820.636917846028,8.61719084152555,-5.4700494010618317e-17,1.0,0.0,20,3.25,10.0,37.37682031606414,0.002728200051933527,,,18,True,11111111111111111111,"4,3,4,2",20,I43,11,15,165,4,8669.313557725676
synthetic_20_stops_s442,Greedy removal,8.140620837319444,7.936352754311059,0.5836230943096701,0.4824889771559441,4182.84823111122,4486.464010199809,9.200813935835221,0.58362309430967,1.0,0.6545024018076887,14,3.25,10.0,34.21783066295818,0.18334179976955056,,,18,True,11110101110101010111,"4,3,4,2",20,I43,11,15,165,4,8669.313557725676
synthetic_20_stops_s442,Local search,7.458834070847683,7.458834070847683,1.28943530178093e-16,0.5129110053291834,4446.586332406997,4222.726024501123,8.61719084152555,-5.4700494010618317e-17,1.0,0.0,19,5.0,6.0,36.27874527702147,63.44780719978735,,,18,True,11111111110111111111,"5,5,5,5",20,I43,11,15,165,4,8669.313557725676
synthetic_20_stops_s442,MILP approximation,6.833189583543352,6.775689782056788,0.16428514710446993,0.553085247079424,4794.869431083705,3874.44151243934,8.78147598863002,0.16428514710446981,1.0,0.0,16,6.0,5.0,34.567891437406615,6.104186700191349,0.0126273063000285,,17,True,11111101110101011111,"6,6,6,6",20,I43,11,15,165,4,8669.313557725676
synthetic_24_stops_s443,All-stops baseline,9.350848399512346,9.350848399512346,1.6688754292870928e-16,0.38453644017728056,5673.984030240288,9081.401098410555,8.50542459116941,2.308230035185706e-17,1.0,0.0,24,3.0,11.0,43.30486482225285,0.004259299952536821,,,18,True,111111111111111111111111,"4,3,4,2,2",24,I44,14,18,252,5,14755.387103558885
synthetic_24_stops_s443,Greedy removal,8.49233640485599,8.441988107925177,0.1438522769451826,0.4368550430504573,6445.96526835138,8309.42006763828,8.649276868114592,0.1438522769451825,1.0,0.2573912185828852,17,3.0,11.0,39.21184320354016,0.3994764997623861,,,18,True,111010101011011111011011,"4,3,4,2,2",24,I44,14,18,252,5,14755.387103558885
synthetic_24_stops_s443,Local search,8.434499676423625,8.434499676423625,1.6688754292870928e-16,0.4376355990907568,6457.48267488202,8297.902773994432,8.50542459116941,2.308230035185706e-17,1.0,0.0,23,4.0,7.5,42.069429359698105,5.627393499948084,,,18,True,111111111111111111111011,"4,4,4,4,4",24,I44,14,18,252,5,14755.387103558885
synthetic_24_stops_s443,MILP approximation,7.063529020877034,7.0131807239462205,0.1438522769451826,0.5220674250133507,7703.30695023019,7052.076672747027,8.649276868114592,0.1438522769451825,1.0,0.2573912185828852,17,5.6,5.4,38.09599885121041,6.200065100099891,0.07875832230823152,,17,True,111010101011011111011011,"6,5,6,5,6",24,I44,14,18,252,5,14755.387103558885
synthetic_28_stops_s444,All-stops baseline,9.946802001622908,9.946802001622908,1.2685526396910352e-16,0.35601765245265143,6340.981754156273,11469.879237509911,7.847808873282455,-3.9136665847782765e-17,1.0,0.0,28,2.8333333333333335,11.666666666666666,46.57297341035999,0.005823399871587753,,,18,True,1111111111111111111111111111,"4,3,4,2,2,2",28,I45,17,17,289,6,17810.863339141848
synthetic_28_stops_s444,Greedy removal,8.898774746622339,8.873173211674695,0.07314724270755399,0.41580097240895897,7405.7742958582585,10405.08699119434,7.920956115990009,0.07314724270755382,1.0,0.0,20,2.8333333333333335,11.666666666666666,41.877024238512405,0.688535500317812,,,18,True,1011110110101111010101111011,"4,3,4,2,2,2",28,I45,17,17,289,6,17810.863339141848
synthetic_28_stops_s444,Local search,8.94462368767206,8.94462368767206,1.2685526396910352e-16,0.41120508221897606,7323.91752376277,10486.943926790345,7.847808873282455,-3.9136665847782765e-17,1.0,0.0,27,4.0,7.5,45.3007998941163,10.25700160022825,,,18,True,1111111111111111111111111011,"4,4,4,4,4,4",28,I45,17,17,289,6,17810.863339141848
synthetic_28_stops_s444,MILP approximation,7.562051883749609,7.536450348801965,0.07314724270755399,0.4927479469049367,8776.26634296655,9034.595385474444,7.920956115990009,0.07314724270755382,1.0,0.0,20,5.0,6.0,40.83730357219748,6.253831800073385,0.09769824482840693,,18,True,1011110110101111010101111011,"5,5,5,5,5,5",28,I45,17,17,289,6,17810.863339141848
synthetic_12_stops_s445,All-stops baseline,6.908504154628138,6.908504154628138,1.6952392192971877e-16,0.425186899317845,1899.7240172968645,2568.2476493542704,8.337018573908065,-6.527154966463554e-17,1.0,0.0,12,3.25,10.0,29.275556898080797,0.002025699708610773,,,17,True,111111111111,"4,3,4,2",12,I46,7,10,70,4,4467.9740141211205
synthetic_12_stops_s445,Greedy removal,6.561958883711178,6.55885225653848,0.008876077636278658,0.4527052513043197,2022.675298883872,2445.2964857672323,8.345894651544342,0.008876077636278455,1.0,0.024421878887798933,9,3.25,10.0,27.695734580567702,0.04607559973374009,,,17,True,101101111101,"4,3,4,2",12,I46,7,10,70,4,4467.9740141211205
synthetic_12_stops_s445,Local search,5.72508490150738,5.72508490150738,1.6952392192971877e-16,0.5205708663637669,2325.897103421829,2142.0749811358664,8.337018573908065,-6.527154966463554e-17,1.0,0.0,11,6.0,5.0,28.49981084406363,26.688389300368726,,,17,True,111101111111,"6,6,6,6",12,I46,7,10,70,4,4467.9740141211205
synthetic_12_stops_s445,MILP approximation,5.316725249900679,5.313618622727981,0.008876077636278658,0.5536423130469975,2473.6594678118954,1994.3127410036934,8.345894651544342,0.008876077636278455,1.0,0.024421878887798933,9,7.0,4.285714285714286,27.45902468445616,0.2144851996563375,0.009975391722193003,,17,True,101101111101,"7,7,7,7",12,I46,7,10,70,4,4467.9740141211205
synthetic_16_stops_s446,All-stops baseline,7.544546040767154,7.544546040767154,1.5814329060230648e-16,0.43265471999851146,3787.4981154533198,4966.5875186974845,7.578152178814009,3.729993073849081e-17,1.0,0.0,16,3.0,11.0,33.54880956868537,0.0028015999123454094,,,17,True,1111111111111111,"4,3,4,2,2",16,I47,10,13,130,5,8754.08943988026
synthetic_16_stops_s446,Greedy removal,7.151636262260528,7.088950452615316,0.1791023132720337,0.4635595430137085,4058.0417002520244,4696.044153647315,7.757254492086044,0.17910231327203358,1.0,0.04193758078740185,12,3.0,11.0,31.414334040884928,0.10957299964502454,,,17,True,1101110111010111,"4,3,4,2,2",16,I47,10,13,130,5,8754.08943988026
synthetic_16_stops_s446,Local search,6.083256418275893,6.083256418275893,1.5814329060230648e-16,0.5326651837039994,4662.99865965506,4091.087726420295,7.578152178814009,3.729993073849081e-17,1.0,0.0,15,5.6,5.4,32.41072259989969,3.59510019980371,,,17,True,1111110111111111,"6,5,6,5,6",16,I47,10,13,130,5,8754.08943988026
synthetic_16_stops_s446,MILP approximation,5.677510798492857,5.581701545838847,0.27374072186859855,0.568498627108296,4976.68782815516,3777.3987642773227,7.851892900682607,0.27374072186859844,1.0,0.04193758078740185,12,6.6,4.571428571428571,30.801014230476863,6.095419900026172,0.1560787353884804,,17,True,1101110101011111,"7,6,7,6,7",16,I47,10,13,130,5,8754.08943988026
synthetic_20_stops_s447,All-stops baseline,8.66520891135417,8.66520891135417,1.6493210040425539e-16,0.39641429859636473,5517.34948839617,8400.787750380528,8.121301176408911,7.084997766439597e-18,1.0,0.0,20,2.8333333333333335,11.666666666666666,38.38767380771258,0.004645099863409996,,,18,True,11111111111111111111,"4,3,4,2,2,2",20,I48,13,16,208,6,13918.139451407686
synthetic_20_stops_s447,Greedy removal,8.249853332856821,8.115295503215552,0.3844509418321949,0.43033935497156534,5989.52315392308,7928.611384772949,8.505752118241105,0.3844509418321948,1.0,0.0,15,2.8333333333333335,11.666666666666666,35.67564844388251,0.286508799996227,,,17,True,11010101111011110111,"4,3,4,2,2,2",20,I48,13,16,208,6,13918.139451407686
synthetic_20_stops_s447,Local search,7.242593023484352,7.242593023484352,1.6493210040425539e-16,0.4869818989534676,6777.881979945689,7140.253299288324,8.121301176408911,7.084997766439597e-18,1.0,0.0,19,5.0,6.0,36.99654104702424,6.041401899885386,,,17,True,11111111111111110111,"5,5,5,5,5,5",20,I48,13,16,208,6,13918.139451407686
synthetic_20_stops_s447,MILP approximation,6.602495021836436,6.51246892956718,0.25721740648358915,0.5340720234771861,7433.288899850955,6484.846706019622,8.3785185828925,0.25721740648358904,1.0,0.15131522344025394,15,6.0,5.0,34.72604387938321,6.1458775997161865,0.08141574017777367,,17,True,10101101111011110111,"6,6,6,6,6,6",20,I48,13,16,208,6,13918.139451407686
synthetic_24_stops_s448,All-stops baseline,8.650874051099516,8.650874051099516,1.6690500249120112e-16,0.42545565311102596,4070.9000366723335,5497.428317378699,7.251982691107475,-4.596180042847622e-17,1.0,0.0,24,3.25,10.0,40.958514478862966,0.0029413001611828804,,,18,True,111111111111111111111111,"4,3,4,2",24,I49,13,15,195,4,9568.329876228017
synthetic_24_stops_s448,Greedy removal,8.086415064672511,8.028866291838279,0.16442506524066675,0.4618805179371047,4419.42515902527,5148.903305786946,7.416407756348141,0.16442506524066655,1.0,0.0,19,3.25,10.0,38.21526775700985,0.2562187002040446,,,18,True,111111011011101111110101,"4,3,4,2",24,I49,13,15,195,4,9568.329876228017
synthetic_24_stops_s448,Local search,7.727852672128578,7.727852672128578,1.6690500249120112e-16,0.4796593663795817,4589.539045742352,4978.789500144099,7.251982691107475,-4.596180042847622e-17,1.0,0.0,23,4.5,6.75,39.91697460703301,83.14085960015655,,,18,True,111111111011111111111111,"5,4,5,4",24,I49,13,15,195,4,9568.329876228017
synthetic_24_stops_s448,MILP approximation,6.944611296426351,6.8870625235921175,0.16442506524066675,0.5306025594666827,5076.9803221481125,4491.348352503038,7.416407756348141,0.16442506524066655,1.0,0.0,19,5.5,5.5,37.5402811676905,6.160244700033218,0.09152631971815965,,18,True,111111011011101111110101,"6,5,6,5",24,I49,13,15,195,4,9568.329876228017
synthetic_28_stops_s449,All-stops baseline,10.08847030541625,10.08847030541625,1.8244747793837804e-16,0.37567264491710006,5708.832370797231,9487.46050440241,9.147803189272077,-9.356100177804032e-18,1.0,0.0,28,3.0,11.0,46.41202440255419,0.005264800041913986,,,18,True,1111111111111111111111111111,"4,3,4,2,2",28,I50,16,18,288,5,15196.295093716508
synthetic_28_stops_s449,Greedy removal,9.166798369761539,9.037811328987894,0.3685344022104112,0.42962729672970995,6528.743181420377,8667.549945586738,9.516337591482488,0.368534402210411,1.0,0.41419915326007817,20,3.0,11.0,41.77963431207416,0.5679651000536978,,,18,True,1101101110110110111110101011,"4,3,4,2,2",28,I50,16,18,288,5,15196.295093716508
synthetic_28_stops_s449,Local search,9.131092120349734,9.131092120349734,1.8244747793837804e-16,0.42473550889150874,6454.406129895218,8741.887084092057,9.147803189272077,-9.356100177804032e-18,1.0,0.0,27,4.0,7.5,45.19943891366565,7.382402800023556,,,18,True,1111111110111111111111111111,"4,4,4,4,4",28,I50,16,18,288,5,15196.295093716508
synthetic_28_stops_s449,MILP approximation,7.795052102920469,7.719987804210502,0.21446942488561757,0.5003840046444789,7603.982994753112,7592.310492905806,9.362272614157693,0.21446942488561732,1.0,0.41419915326007817,20,5.0,6.0,40.79827797542761,6.217650199774653,0.09690878485878124,,18,True,1101111110110101011110101011,"5,5,5,5,5",28,I50,16,18,288,5,15196.295093716508
